"1,Versatile bandwidth-monitored pricing structure,Anthony Conway,1989,Non-fiction"
"2,Triple-buffered optimizing conglomeration,Daniel Lin,1972,Non-fiction"
"3,Re-contextualized stable model,Andre White,1934,Thriller"
"4,Cloned fault-tolerant policy,John Huynh,2010,Thriller"
"5,Realigned encompassing moderator,David Jones,1955,Fantasy"
"6,Optimized bi-directional concept,Norma Ortega,1957,Historical"
"7,Universal 5thgeneration toolset,Derek Miller,1914,Historical"
"8,Digitized system-worthy protocol,Stephanie Myers,1902,Romance"
"9,Upgradable holistic portal,Allen Haley,2023,Science Fiction"
"10,Centralized zero administration hub,Justin James,1944,Non-fiction"
"11,Implemented radical open system,Renee Sanchez,1919,Thriller"
"12,Configurable empowering system engine,Jason Taylor,2022,Science Fiction"
"13,Face-to-face tertiary groupware,Amanda Bennett,1984,Historical"
"14,Right-sized reciprocal website,Nathaniel Rivera,1980,Historical"
"15,Enhanced bottom-line toolset,Kaitlyn Marshall,1979,Mystery"
"16,Monitored uniform focus group,Justin Davis,2008,Historical"
"17,Decentralized 5thgeneration instruction set,Joshua Bishop,1983,Science Fiction"
"18,Organic well-modulated infrastructure,Dr. Elizabeth Russell,1923,Historical"
"19,Implemented user-facing workforce,Carlos Baldwin,2011,Non-fiction"
"20,Networked asymmetric hierarchy,Matthew Lewis,2018,Historical"
"21,Self-enabling actuating collaboration,Marc Johnson,2005,Thriller"
"22,Streamlined holistic Internet solution,Linda Clark,1904,Science Fiction"
"23,Quality-focused grid-enabled ability,Lisa Adams,2017,Fantasy"
"24,Progressive optimal attitude,Christopher Lam,1950,Romance"
"25,Proactive tangible service-desk,Jessica Brown,1947,Science Fiction"
"26,Face-to-face actuating knowledge user,Jennifer Hester,1942,Mystery"
"27,Business-focused directional support,Daniel Baker,1933,Fantasy"
"28,Progressive asynchronous groupware,Amber Murray,1905,Non-fiction"
"29,User-centric systemic info-mediaries,John Stein,1914,Thriller"
"30,Compatible hybrid pricing structure,Kevin Washington,1909,Romance"
"31,Operative multimedia service-desk,Andrew Price,2024,Thriller"
"32,Assimilated eco-centric encoding,Timothy Norman,1969,Fantasy"
"33,Programmable full-range parallelism,Jennifer Watts,1975,Historical"
"34,Distributed encompassing task-force,Paul Cisneros,2010,Historical"
"35,Extended system-worthy forecast,Andre Ramos,1950,Historical"
"36,Multi-layered multimedia intranet,Richard Watkins,1924,Historical"
"37,Synergistic grid-enabled middleware,Ashley Gonzalez,1977,Science Fiction"
"38,Synchronized grid-enabled ability,Daniel Wallace,1987,Fantasy"
"39,Robust reciprocal encoding,Taylor Smith,2017,Mystery"
"40,Balanced composite capacity,Linda Robinson,2020,Mystery"
"41,Expanded interactive time-frame,Jo Lewis,1917,Thriller"
"42,Reduced zero-defect Internet solution,Erik Smith,1969,Non-fiction"
"43,Cloned responsive service-desk,Elizabeth Guerra,1915,Historical"
"44,Open-source interactive Local Area Network,Brian Gentry,1981,Historical"
"45,Seamless exuding encryption,Pamela Martin,1913,Romance"
"46,Grass-roots hybrid projection,Megan Byrd,1985,Fantasy"
"47,Synergistic tertiary workforce,Michael Moreno,1905,Historical"
"48,Assimilated radical process improvement,Robert Hopkins,1905,Romance"
"49,Multi-tiered optimal knowledgebase,Sarah Dawson,1923,Mystery"
"50,Progressive real-time circuit,Michele Ballard,1992,Romance"
"51,Extended multimedia time-frame,Heidi Garcia,1999,Historical"
"52,Fundamental hybrid orchestration,Ronald Anderson,1922,Non-fiction"
"53,Reverse-engineered human-resource service-desk,Peter Bishop,1945,Science Fiction"
"54,Decentralized executive toolset,Ashley Collins,1978,Science Fiction"
"55,Function-based system-worthy instruction set,Michael Wolf,1971,Science Fiction"
"56,Distributed logistical core,Timothy Wood,1946,Thriller"
"57,Cloned 24hour definition,Matthew Powell,1969,Non-fiction"
"58,Up-sized 6thgeneration protocol,Alexander Rowe,1911,Non-fiction"
"59,Inverse web-enabled array,Elizabeth Walsh,1970,Science Fiction"
"60,Secured directional challenge,Eric Schaefer,2024,Romance"
"61,Up-sized background forecast,Randy Calderon,1945,Fantasy"
"62,Profound modular protocol,Richard Shelton,2003,Fantasy"
"63,Intuitive dynamic knowledge user,Felicia Hughes,2021,Romance"
"64,Sharable even-keeled website,Todd Thornton,1979,Science Fiction"
"65,Re-engineered didactic functionalities,Lauren Bennett,1913,Non-fiction"
"66,Horizontal background knowledge user,Christina Rivera,1910,Historical"
"67,Multi-channeled dedicated artificial intelligence,Rickey Russo,1922,Fantasy"
"68,Customizable homogeneous encoding,Nicole Barker,1937,Historical"
"69,Multi-tiered uniform methodology,Justin Williams,1900,Mystery"
"70,Multi-lateral eco-centric info-mediaries,Isabella Henderson,1977,Fantasy"
"71,Vision-oriented reciprocal throughput,Christina Williams,1989,Fantasy"
"72,Multi-channeled object-oriented collaboration,David Scott DDS,2013,Mystery"
"73,Cross-group explicit focus group,Jessica Armstrong,1964,Non-fiction"
"74,Assimilated full-range protocol,Barbara Ritter,1967,Romance"
"75,Secured maximized alliance,Michael Bruce,1983,Mystery"
"76,Devolved dynamic challenge,Amanda Gillespie MD,2012,Fantasy"
"77,Persevering hybrid contingency,Brenda Weiss,1996,Romance"
"78,Function-based dedicated instruction set,Robert White,2014,Romance"
"79,Distributed eco-centric budgetary management,Timothy Allen,1940,Romance"
"80,Down-sized eco-centric adapter,Jennifer Shepherd,1935,Thriller"
"81,Proactive intangible ability,Dorothy Hicks,2022,Romance"
"82,Self-enabling transitional software,Dalton Booth MD,1908,Mystery"
"83,Assimilated stable functionalities,Michelle Johnson,2002,Historical"
"84,Diverse object-oriented intranet,Ricky Allen,1974,Thriller"
"85,Customer-focused bi-directional artificial intelligence,Michelle Caldwell,1915,Fantasy"
"86,Multi-lateral clear-thinking conglomeration,Harry Barton,2012,Science Fiction"
"87,Right-sized clear-thinking installation,Veronica Hurst,1957,Fantasy"
"88,Future-proofed content-based task-force,Sydney Taylor,2023,Romance"
"89,Multi-channeled national hierarchy,Alexander Jones,1975,Historical"
"90,Persevering zero tolerance hub,Randall Odonnell,1929,Non-fiction"
"91,Programmable solution-oriented emulation,Melissa Frye,1968,Historical"
"92,Stand-alone foreground interface,Wesley Hess,1904,Thriller"
"93,Centralized asymmetric info-mediaries,Julia Matthews,1940,Historical"
"94,Total optimizing analyzer,Ashley Sampson,1907,Non-fiction"
"95,Upgradable full-range model,Debra Vang,2011,Romance"
"96,Front-line heuristic neural-net,Caroline Lara,1914,Thriller"
"97,Extended systematic matrix,Kara Guzman,1933,Science Fiction"
"98,Vision-oriented user-facing interface,John Goodman,1992,Science Fiction"
"99,Open-architected coherent leverage,Eric Wiley,2014,Fantasy"
"100,Operative fresh-thinking website,Dylan Pennington,1903,Thriller"
