"1,Scott Cole,""904 Taylor Street Apt. 773"
"Cummingsland, PA 39920"",6843756279"
"2,Christine Wood,""657 Harvey Villages"
"Merrittmouth, DE 04226"",146.508.9240x61111"
"3,Brittany Rice,""6196 Walker Trace"
"Stewartberg, DE 68648"",001-384-607-2411x0135"
"4,Brian Richardson,""60640 Mcdonald Causeway Suite 675"
"Maryfort, NC 48896"",141-297-5989x2285"
"5,Rachel Grant,""48286 Donna Summit Suite 788"
"Lake Sarahview, MT 00974"",001-829-994-9549x8169"
"6,Richard Davis,""4796 Joshua Throughway Apt. 006"
"East Danielle, HI 84360"",449-211-6887x4268"
"7,Robert Reeves,""3015 Brooke Locks Apt. 988"
"New James, FL 92980"",(290)618-8654x498"
"8,Edward Collins,""57452 Taylor Street Apt. 077"
"Erinland, SC 38834"",+1-609-276-2576x3876"
"9,Christine Bates,""4339 Ortega Camp"
"Mccarthybury, MD 97776"",2773820577"
"10,Alexander Andrews,""26117 Michael Mount Apt. 871"
"Jennifermouth, NV 80763"",(341)942-1576"
"11,Willie Howard,""984 Jesus Valley"
"Tinatown, NV 34645"",227.586.6529x4991"
"12,Hannah Hardy,""0930 Joann Mountain Apt. 913"
"Ericport, FL 37864"",001-584-091-3898"
"13,David Kelly,""6232 Jennifer Route"
"Christineside, HI 68744"",(080)123-8906"
"14,Shannon Carlson,""80109 Bowman Views"
"Port Stacey, OK 23011"",(119)350-2419x889"
"15,William Jones,""347 Katie Tunnel"
"Oconnellfurt, ID 99235"",+1-359-601-4383"
"16,Jeffrey Jimenez,""USS Rodriguez"
"FPO AA 37304"",+1-820-791-2555x33159"
"17,Kimberly Campos,""Unit 3105 Box 0203"
"DPO AE 84058"",+1-731-655-8495x439"
"18,Gregory Fisher,""49727 Henderson Garden"
"Juliestad, GA 45430"",001-886-907-1200x9403"
"19,Kathryn Reynolds,""400 Jensen Canyon Suite 813"
"New Lynnshire, SC 89588"",270.616.3940"
"20,Donald Schmidt,""7314 Shaw Park"
"Breannaburgh, WV 65974"",+1-760-847-9288x726"
"21,Angela Spencer,""4530 Lori Isle"
"West Amy, OH 17298"",7472194088"
"22,Ronald Hill,""2319 Heather Village Suite 852"
"Robinsonmouth, NY 04911"",001-678-244-3208x04054"
"23,Michael Williams,""8528 Rodriguez Park Apt. 044"
"South Heather, NE 92878"",(125)892-0265"
"24,Cynthia Elliott,""293 David Cliff"
"Jessicaton, WV 66176"",+1-236-087-3496x755"
"25,Barbara Parks,""02145 Jacqueline Road"
"Omarton, MO 84790"",001-001-631-9222"
"26,Haley Maldonado,""5192 Kevin Islands"
"New Ryanfort, IL 37243"",(971)108-7586x0021"
"27,Charles Williams,""85950 Eric Fork"
"North Lynnshire, DC 26726"",921.515.8868x37432"
"28,Michele Bowman,""71389 Jeffrey Dam Suite 852"
"Nicholasside, PA 30770"",(309)993-1998"
"29,Jessica Boyd,""325 Crane Row"
"North Markside, NY 40160"",+1-519-733-8506x57019"
"30,Tiffany Mcmillan,""66079 Arnold Lake Apt. 242"
"West Keith, NE 91671"",069.861.7199"
"31,Erika Oliver,""81850 Lewis Villages"
"South Tarastad, NC 40029"",(505)219-8887x33585"
"32,Andrea Booker,""051 Jeffery Cliff Apt. 969"
"North Kylebury, WA 20419"",(516)591-7515"
"33,Brian Chandler,""2493 Gonzalez Union Apt. 140"
"Millerville, AL 06832"",079-071-2658x763"
"34,Sarah Griffin,""1749 Matthew Causeway"
"South Albertmouth, MN 11346"",282-401-0025"
"35,Alan Chandler,""USNS Schaefer"
"FPO AE 82026"",+1-494-955-9367x32847"
"36,Michael Bradley,""83199 Shelly Course"
"Port Shannonview, ND 55749"",029-415-2865x5581"
"37,Ronald Reynolds,""7609 Smith Parkways Apt. 969"
"Juanview, AR 86670"",001-753-143-0007x786"
"38,Patricia Vance,""8273 Keith Turnpike Apt. 539"
"Kellihaven, IN 34160"",001-819-616-7085"
"39,Jennifer Casey,""99311 Cruz Road Suite 185"
"Shawnborough, OK 43984"",001-254-488-9417"
"40,Eric Sullivan,""1855 Joy Streets Apt. 862"
"Cookton, KY 74557"",216-243-4813x8048"
"41,Robert Conrad,""38290 Bradley Ways"
"West Alice, AK 39718"",(975)139-0599"
"42,Beth Gardner,""8300 Williams Summit"
"Choistad, MT 14212"",(533)071-5150x753"
"43,Dr. Jonathan Finley,""792 Taylor Islands Suite 177"
"Lake Karen, OH 78388"",567-217-5597x896"
"44,Jasmine Diaz,""82606 Sara Forges"
"Yangland, NM 94948"",933-125-5954x53648"
"45,David Baird,""39821 Rivera Groves Apt. 016"
"West Courtneyville, SC 65166"",794-949-4959"
"46,Brandon Dixon,""90926 Huang Orchard"
"Richardchester, NC 35186"",9045913665"
"47,James Coleman,""6589 Alison Tunnel"
"Burkeport, AR 90766"",983-797-4184x931"
"48,Charles Gutierrez,""00807 Tonya Curve Suite 107"
"New Keithton, ID 54032"",184.378.8591x1733"
"49,Joshua Melton,""568 Fritz Loop"
"Greenburgh, NC 43882"",+1-431-063-7439x03994"
"50,Heidi Williams,""202 Timothy Overpass"
"Humphreyfort, WI 31385"",120.832.7405x904"
"51,Sheri Johnson,""3299 Alicia Lake Apt. 975"
"Josephbury, WA 32999"",067.226.5463"
"52,Joel Robinson,""997 Elizabeth Squares"
"East Michelle, MO 40453"",001-909-048-0035"
"53,April Gonzalez,""9927 Riley Well Suite 234"
"West Matthewborough, NV 97396"",132.996.1325x6996"
"54,Leah Reyes,""8026 Terry Crescent Apt. 509"
"Wilsonbury, NM 57667"",818-306-4940x55370"
"55,Deborah Taylor,""487 Jones Summit"
"Matthewport, IA 07776"",+1-251-667-3020x608"
"56,Melissa Daniels,""99812 Lauren Ways Apt. 153"
"Jeremytown, NE 11099"",(235)006-8426"
"57,Jeffery Cox,""957 Riggs Terrace"
"East Reginald, WA 90259"",(566)787-0071x498"
"58,Joyce Rodriguez,""635 Lam Springs Suite 416"
"Coreyton, MT 32806"",001-116-252-7433"
"59,Robert Johns,""740 Amy Expressway Suite 192"
"Port Christina, NY 09730"",+1-674-219-2883x329"
"60,Jennifer Carson,""886 Andre Wall"
"Mendezport, IL 48962"",0898797936"
"61,Christine Walker,""791 Daniel Cliff"
"Lake Annaland, NM 10662"",+1-713-909-5665x9765"
"62,Gerald Fitzpatrick,""USNV Rivera"
"FPO AA 72653"",(524)310-5394x1363"
"63,Joshua Moran,""7367 Christina Lodge Apt. 929"
"West Cheyenneton, PA 52862"",244.332.2599x69978"
"64,Teresa Williams,""04168 Martinez Brooks Apt. 948"
"Port Charles, WA 76168"",041-289-6599x28645"
"65,Thomas Crawford,""251 Oscar Light Suite 313"
"Frenchport, LA 49280"",186-571-4253x3320"
"66,Erin Young,""USNS Jones"
"FPO AP 52240"",+1-004-585-6926x970"
"67,Katherine Pace,""14760 Jennifer Throughway"
"South Matthewland, DE 15929"",844.097.9170"
"68,Matthew Anderson,""7738 Oconnor Heights"
"Davidland, KS 60548"",(545)750-7676x17149"
"69,Troy Gray,""PSC 8621, Box 7058"
"APO AE 40693"",9784602803"
"70,Marissa Kane,""4836 Thompson Cliff Apt. 332"
"Port Matthewport, CO 56165"",+1-841-338-3022"
"71,Connor Alvarez,""47196 Patricia Loaf"
"Obrienville, IN 30129"",(010)069-4022x04467"
"72,Laura Miller,""71147 Gray Crest"
"Bettyberg, SD 98761"",745.595.5025"
"73,Elizabeth Cowan,""9634 Paul River Apt. 420"
"Fosterton, MN 80231"",001-514-173-6596x0234"
"74,Christopher Taylor,""9152 Andrea Valleys Suite 472"
"North Jenniferburgh, MD 61968"",001-019-599-2679x487"
"75,Amanda Jackson,""384 Scott Path"
"Evanmouth, KY 42593"",076-168-0513"
"76,Erik Collins,""3070 Rodriguez Keys Suite 694"
"North Michelle, NE 10960"",(681)396-7917"
"77,Jonathan Willis,""62076 Brian Underpass Suite 905"
"New Benjaminville, MN 34369"",107-844-1435"
"78,Russell Mcdonald,""664 Anderson Pines Apt. 854"
"East Taylorfurt, CO 03030"",8936576954"
"79,Lisa Wilson,""491 Hall Loop Apt. 044"
"West Stephanie, AR 23000"",001-939-953-3334"
"80,Sarah Richardson,""6962 Sarah Freeway"
"West Kathleenberg, WA 53380"",538-971-5509x8743"
"81,Hannah Schmidt,""6360 Spence Hill"
"Lake William, OR 54748"",(521)368-2639x445"
"82,Samantha Nichols DVM,""3101 Clayton Parkway"
"Ginaburgh, OK 96878"",001-317-267-5775x3206"
"83,Teresa Rasmussen,""Unit 7097 Box 8737"
"DPO AP 01471"",5342892221"
"84,Jessica Lawson,""9673 Christina Port Apt. 421"
"North Aprilland, DC 27712"",001-143-998-1305x45289"
"85,Stephanie Meza,""71235 Wendy Roads Apt. 948"
"Andreashire, RI 85059"",380.518.5768x9578"
"86,Leslie Page,""221 Smith Trail Apt. 309"
"North Josephshire, ND 25027"",+1-308-136-9632x2949"
"87,Lauren Williams,""538 Charles Glen"
"South Anthony, AL 13913"",221.026.3733x737"
"88,Robert Stone,""073 Mccullough Crossroad"
"West Nicholas, SD 68050"",001-928-843-8715"
"89,Zachary Palmer,""4866 Timothy Mews"
"Keithburgh, NY 08142"",084-967-5608x19790"
"90,Kenneth Velez,""USNS Hancock"
"FPO AE 19471"",001-979-682-1388"
"91,Pamela West,""75488 Bryan Mall Apt. 084"
"Cherylfurt, NE 39843"",+1-322-117-4608x629"
"92,Michael Walker,""034 Baker Greens Suite 032"
"Leahton, AR 61783"",504.955.9294"
"93,Jordan Spencer,""215 Danielle Ports Suite 615"
"Port Christopher, WI 64374"",001-738-109-0061"
"94,Stephanie Ortega,""1095 Kiara Road"
"Elizabethberg, IN 68187"",395.062.5797"
"95,Sarah Moody,""574 Matthew Fords"
"Lake Stephanie, ND 52228"",794-150-8212"
"96,Erika Kim,""643 Robert Walks"
"Kathrynborough, MA 11767"",5022271212"
"97,Matthew Williams,""97188 Erin Rest Suite 623"
"Lake Marissaland, KS 29886"",+1-218-635-7248x014"
"98,Shannon Baldwin,""96495 Sarah Estate"
"Rebeccaton, WY 39785"",001-460-398-0950x3061"
"99,Brian Phillips,""663 Erin Landing"
"Mendezchester, NY 03307"",(474)321-6296"
"100,Natasha Richards,""831 Hensley Valleys"
"Portertown, NM 21541"",781-925-2842x11917"
